id,type,subreddit,title,body,permalink,created_utc,created_date,score,num_comments,author_name,query_that_found_it,captio_mention_context,relevance_score,relevance_reason,classification,language,sentiment,user_intent,competitor_mentions,pain_point,recommended_action
p_l5k2xk,post,productivity,My Strategy To Combat Scatter Brain,"The problem I've had for as long as I can remember is having too many thoughts on a consistent basis. My personality is the type of person who can take everything in from the past and put an effective strategy together for how to move forward effectively.

I'm always thinking two or three steps ahead for my businesses. But at the same time I enjoy studying the data of how things have been going in the past.

I'm always having thoughts of where to go next. Especially when I'm exercising.

When I do activities outside of work, i'm able to allow my brain to shut off from a logical perspective and something happens to the neurons. New connections seem to be made and I'm able to solve problems at hand.

## Define Your Most Viewed Mobile / Desktop App

If you're like me, you have thoughts running through your head all throughout the day. I'm working on a lot of different projects at any given time and I have thoughts associated with each business at random times .

For example, this weekend as I was skinning up the mountain, I thought to myself, ""It's time to put some money into FB ads for The Perk."" We're to a point where we've developed our product and operations enough to handle orders as they come in.

If I don't write this down somewhere, I'm highly likely to forget about this thought until it decides to resurface again. And this amount of time always differs. Could be next week, could be next month.

So, I had to develop a system to capture my thoughts.

Sure, I could write t",https://www.reddit.com/r/productivity/comments/l5k2xk/my_strategy_to_combat_scatter_brain/,1611685558,2021-01-26,3,1,gray_austin,captio app,"...he idea on a simple UI and hit send. ""Alright, I'm good."" He said. ""What was that app?"" I asked. ""Captio, it's an app that sends my thoughts straight to my inbox. You've never heard of it?"" Mind. Blown....",100,"+60 captio mention; +40 strong praise; +30 competitor co-mention (Apple Notes, Things); +25 workflow context; +20 solution-seeking",C,en,privacy_sensitive,discovery,"Apple Notes,Things","looking_for_alternative,launch_speed",reply
p_acsznt,post,productivity,A Spreadsheet as a To Do app. Share your setup!,"I’m a chronic productivity app switcher, as nothing is ever “quite right” for my needs, taste and priorities. 

After switching to Google Sheets as my phone to-do list, I wonder why I didn’t do this earlier. 

It’s:

• Really **customisable** (colors, fonts, layout) - ideal for someone picky, or who swaps apps regularly to get a different look or function

• Almost like an easy “design your own” app, in its flexibility!

• Simple to **automate**, and update (eg. with IFTTT, emails, and cell formulas)

You can see a super basic example of mine here: 

https://imgur.com/a/bV4dbpd

Personally, i like week based to-do systems, and so this is divided into “this week” (above the blue line), and “after” (below). 

I work from the top left across, like reading a book, or whatever. 

My daily workflow is:

1. Quickly capture tasks via the iOS app “Captio” (great app), which sends a lightning fast email to my Gmail address.  

2. IFTTT can filter any email with a unique Captio email address, using Gmail searches (this can be further refined if you use keywords in your email)

3. These items get sent to the bottom of different rows on my spreadsheets (calendar items, general to do, work jobs, yearly goals, etc).

Each Monday, I raise the most important 16, 8, 3, or 6 etc tasks required in each category up to “this week” (above the blue line). 

This number is an amount i feel satisfied completing each week (some are more important or slow than others).

Completed tasks get a strikethrou",https://www.reddit.com/r/productivity/comments/acsznt/a_spreadsheet_as_a_to_do_app_share_your_setup/,1546683407,2019-01-05,28,23,bustthelock,captio app,"...ike reading a book, or whatever. My daily workflow is: 1. Quickly capture tasks via the iOS app “Captio” (great app), which sends a lightning fast email to my Gmail address. 2. IFTTT can filter any em...",100,+60 captio mention; +30 competitor co-mention (IFTTT); +25 workflow context; +10 engagement,A,en,neutral,comparison,IFTTT,launch_speed,lp_copy
p_9zr0vs,post,shortcuts,All Actions in the Shortcuts App - Redditors Use Just 30 of More Than 300,"This is a reference list of all actions currently packaged with Shortcuts. This does not include actions available only as Siri Suggestions or actions supported by non-featured apps.

In **bold** are popularly used actions. They account for 80% of all actions used in shortcuts published to this subreddit based on a set of 417 actions from a random sample of 26 shortcuts.

The actions in this list can be found by tapping once in the search field in Shortcuts and navigating through the ""Content Types"" menus and the special ""Scripting"" menu. I've mostly reproduced that organization in the list below. However, for some actions such as ""Get Details of App Store App"" that have several interesting and non-obvious options, I've listed their options out as if they were separate actions.

Two of the actions in the list don't appear in the ""Content Types"" menus. They can only be found by entering text into the search field, and are marked with a ~~strikethrough~~. They are ""Get Object of Class"" -- apparently a means of getting an Apple API class type which has no known practical use -- and ""Get File of Type,"" which seems to be a method for forcing input to a particular file type; something that's rarely necessary and can be accomplished via other actions.

* Apps | Open App
* Apps | App Store | Get Details of App Store App | # of Ratings
* Apps | App Store | Get Details of App Store App | # of Ratings (This Version)
* Apps | App Store | Get Details of App Store App | Artist
* Apps | App",https://www.reddit.com/r/shortcuts/comments/9zr0vs/all_actions_in_the_shortcuts_app_redditors_use/,1542999826,2018-11-23,38,8,indonato,captio app,...diting | Replace Text** * **Text | Text Editing | Split Text** * Text | 2Do | Add 2Do Task * Text | Captio | Append to Note * Text | Captio | Send Note * Text | Clear | Add Clear List * Text | Clear | Add C...,100,"+60 captio mention; +30 competitor co-mention (Drafts, Bear, Todoist); +25 workflow context; +10 engagement",A,en,privacy_sensitive,comparison,"Drafts,Bear,Todoist,Things,OmniFocus,Evernote,Shortcuts","launch_speed,offline_demand",lp_copy
c_hwhqujd,comment,ADHD_Programmers,,"I use Captio for something sorta similar on iOS.  It’s just a blank text pad with a send button, that sends yourself an email. With no friction, that’s all it does.

While email is a pain of course, I know it’s not lost.  And every now and then I filter for them and pull the ideas out into other places.  When something occurs to me, let me send it off, and divest it from working memory.

I think a friend has a script that wrote something that does similar into a Workflowy (infinite outline, either awesome or terrible) node for later review.",https://www.reddit.com/r/ADHD_Programmers/comments/spshw0/i_made_a_program_in_python_that_helps_me_save_my/hwhqujd/,1644579187,2022-02-11,3,0,TurboTacoBD,captio ios,"I use Captio for something sorta similar on iOS. It’s just a blank text pad with a send button, that sends your...",100,+60 captio mention; +35 specific usage; +30 competitor co-mention (Workflowy); +25 workflow context,D,en,neutral,comparison,Workflowy,,faq_addition
c_gbxsqkb,comment,gtd,,"I use an app called “captio” (on iOS) to quickly capure ideas. The app opens in an instant, I can type right away, and one button sends my text to the Nirvana inbox via email. I also use it to “share” links from other apps to my N inbox.",https://www.reddit.com/r/gtd/comments/jrorg2/looking_for_a_gtd_app_recommendation/gbxsqkb/,1605105996,2020-11-11,1,0,krid,captio ios,"I use an app called “captio” (on iOS) to quickly capure ideas. The app opens in an instant, I can type right away, and one butt...",100,+60 captio mention; +30 competitor co-mention (Nirvana); +25 workflow context,G,en,neutral,discovery,Nirvana,launch_speed,no_action
p_1sxtjxh,post,iosapps,I built a tiny iPhone app for people who email notes to themselves,"Hey everyone — I built SimpleMemo, a small iPhone app for one specific workflow:

open → type → send to your own email inbox.

I made it because I still use email as my fastest capture inbox. For small thoughts, reminders, ideas, and tasks, I often don’t want to open a full notes app, choose a folder, add tags, or organize anything yet.

SimpleMemo is intentionally narrow:

\- no folders  
\- no tags  
\- no note database  
\- just quick notes to your inbox

It’s not meant to replace Apple Notes, Notion, Drafts, Todoist, or Things. It’s for the small stuff you want to capture now and process later from the inbox you already check.

There’s a 7-day free trial with unlimited sending. After that, the free plan is generally limited to 3 sends/day, and Premium removes that limit.

I’d love feedback from people who already email themselves notes.

App Store:  
https://apps.apple.com/us/app/captio-style-simple-memo/id6758438948

Price/IAP:  
Free to download. 7-day free trial with unlimited sending. After that, the free plan is generally limited to 3 sends/day. Premium is $2.99/month or $29.99/year, depending on region.",https://www.reddit.com/r/iosapps/comments/1sxtjxh/i_built_a_tiny_iphone_app_for_people_who_email/,1777358557.0,2026-04-28,1,4,PretendLime6041,Captio,...eedback from people who already email themselves notes. App Store: https://apps.apple.com/us/app/captio-style-simple-memo/id6758438948 Price/IAP: Free to download. 7-day free trial with unlimited send...,100,"+60 captio mention; +30 competitor co-mention (Drafts, Apple Notes, Notion); +25 workflow context",G,en,privacy_sensitive,comparison,"Drafts,Apple Notes,Notion,Todoist,Things",launch_speed,no_action
p_1ogsg7n,post,RASPBERRY_PI_PROJECTS,First Pi Project - Digital Picture Frame  - Need help with Configuration Yaml,"This is my first Pi project ever, and through research from a fantastic resource at TheDigitalPictureFrame, it helped a newbie like me immensely. I still had a lot of trial and error involved as my set up is a bit different than the one noted on there, but I'm here now with a working slideshow on Pi so YAY! However, the reason I am reaching out to the community here is for a few reasons, but mainly because my coding experience corresponds directly with my Pi experience, which is little to none. I've been picking up on things and learning a bit as I go along, but I still can't seem to figure out where I am going wrong in trying to configure the Yaml file to display a soft white matte. Currently, the outer matte is set to NULL which displays the matte color based off of the colors of the image being displayed (if I am understanding that correctly) but I would like to have the matte color be a soft white /  flat white color for portrait oriented images all the time. I do not want it to be random. I have tried keeping everything the same and only changing the outer matte value to \[0.95, 0.95, 0.93, 1.0\], but that caused an issue of not starting the slideshow at all. I also tried a couple of other things by only changing one value at a time to see where it ""breaks"" and it definitely seems to be something in the YAML file. Forgive me if this is not the best place to post the original code that works fine but has random matte colors, but hopefully someone who knows what they are d",https://www.reddit.com/r/RASPBERRY_PI_PROJECTS/comments/1ogsg7n/first_pi_project_digital_picture_frame_need_help/,1761504307.0,2025-10-26,5,6,kqvqcq,Captio,"...=40, text character size show\_text: ""title caption name date folder location"" # default=""title captio&gt; text\_justify: ""L"" # text justification L, C or R text\_bkg\_hgt: 0...",100,+60 captio mention; +30 competitor co-mention (Things); +10 engagement,A,en,privacy_sensitive,comparison,Things,launch_speed,lp_copy
p_72bs35,post,apple,IFTTT/Captio (or similar?),"Hey all. Wondering if anyone knows a way to connect IFTTT with Captio (Captio is an iOS app whose sole function is an email client that only sends emails to yourself, as a way to quickly jot down notes for later) or  another app that does the same thing. What I'm ultimately trying to achieve is to be able to send emails to myself via this app (which is very quick and doesn't require me to add a recipient or subject etc) via Siri. Any and all ideas are welcome. And thank you!",https://www.reddit.com/r/apple/comments/72bs35/iftttcaptio_or_similar/,1506338639,2017-09-25,1,2,bitb0y,captio app,IFTTT/Captio (or similar?) Hey all. Wondering if anyone knows a way to connect IFTTT with Captio (Captio is an i...,90,+60 captio mention; +30 competitor co-mention (IFTTT),G,en,neutral,comparison,IFTTT,launch_speed,no_action
c_lueg2h2,comment,productivity,,"I’ve been using the email feature of Captio forever, but it recently stopped working. :( Came here looking for an alternative.",https://www.reddit.com/r/productivity/comments/8pab1f/any_lightning_fast_ios_note_taking_apps_like/lueg2h2/,1730230699.0,2024-10-29,1,0,Ok_Solution_3325,captio alternative,"I’ve been using the email feature of Captio forever, but it recently stopped working. :( Came here looking for an alternative.",80,+60 captio mention; +20 solution-seeking,G,en,looking_for_solution,discovery,,,no_action
p_tyfi25,post,PrivacyGuides,note to self,"anyone have a favorite note to self app on iOS? something to handle aggregating all the random thoughts I want to come back to, or the article/tweets I want to go back and read. That sort of thing.

Captio is one I came across (it emails you whatever you type in), but haven't looked too deeply into it.",https://www.reddit.com/r/PrivacyGuides/comments/tyfi25/note_to_self/,1649345177,2022-04-07,1,6,yaobobr,captio app,"...ghts I want to come back to, or the article/tweets I want to go back and read. That sort of thing. Captio is one I came across (it emails you whatever you type in), but haven't looked too deeply into it.",60,+60 captio mention,A,en,neutral,comparison,,,lp_copy
p_oczmid,post,iosapps,"Easily my favorite phone app: it’s so fast, and useful for just about anything. Anything else like it?","I use this as a one-click to do list, password list, and temporary note space.

https://apps.apple.com/au/app/captio/id370899391

I don’t even use the email function right now. But if you set up email filters (with keywords) that can be powerful, too.  

I’d have five versions of this app if I could! What are your similarly simple, minimalist, yet incredibly useful apps?",https://www.reddit.com/r/iosapps/comments/oczmid/easily_my_favorite_phone_app_its_so_fast_and/,1625324297,2021-07-03,1,3,filmbuffering,captio app,"...as a one-click to do list, password list, and temporary note space. https://apps.apple.com/au/app/captio/id370899391 I don’t even use the email function right now. But if you set up email filters (with k...",60,+60 captio mention,A,en,neutral,comparison,,launch_speed,lp_copy
p_8pab1f,post,productivity,Any lightning fast iOS note taking apps like Captio?,"Captio is one of my most used apps on my phone, because it’s so damn quick (and minimalist) to take down a note. 

I use it so much it collects text I don’t want to “send”. 

Is there another iOS app that lets you store some quick text - as super clean, and super fast?",https://www.reddit.com/r/productivity/comments/8pab1f/any_lightning_fast_ios_note_taking_apps_like/,1528378165,2018-06-07,4,9,filmbuffering,captio app,"Any lightning fast iOS note taking apps like Captio? Captio is one of my most used apps on my phone, because it’s so damn quick (and minimalist) to tak...",60,+60 captio mention,C,en,neutral,discovery,,"looking_for_alternative,launch_speed",lp_copy
c_g7s4b6t,comment,languagelearning,,If you have iOS there’s a great rapid little app called Captio,https://www.reddit.com/r/languagelearning/comments/j5hm0l/where_do_you_keep_words_before_turning_them_into/g7s4b6t/,1601900037,2020-10-05,2,0,filmbuffering,captio ios,If you have iOS there’s a great rapid little app called Captio,60,+60 captio mention,A,en,neutral,praise,,,lp_copy
c_c6k22mt,comment,minimalism,,"For iOS: Captio.  It's whole purpose is to allow you to e-mail yourself.  Start the app, you get a blank space and a keyboard.  Type your note.  Press send.  Done.",,1349817491,,1,0,awyeah2,captio ios,"For iOS: Captio. It's whole purpose is to allow you to e-mail yourself. Start the app, you get a blank space and...",60,+60 captio mention,G,en,neutral,comparison,,,no_action
p_1qa8jcr,post,iosapps,Captio AI - Generate Perfect Instagram Captions &amp; Hashtags with AI (Free To Use),"Hey r/iosapps ! I'd like to share Captio AI, an app I built to help with Instagram content creation.

**What it does:** Captio uses AI to generate captions and hashtags for your Instagram posts. Upload a photo, and it analyzes the content to suggest relevant captions and hashtag sets tailored to your image.

**Key features:**

* AI-powered caption generation based on your photos
* Smart hashtag suggestions to boost reach
* Multiple caption styles to choose from
* Save and organize your favorite captions
* Works for personal and business accounts

**Pricing:** Free to download with in-app purchases for additional features

**App Store link:** [https://apps.apple.com/us/app/captio-ai-hashtags-caption/id6756271967](https://apps.apple.com/us/app/captio-ai-hashtags-caption/id6756271967)

I'd appreciate any feedback from the community. Let me know if you have questions!",https://www.reddit.com/r/iosapps/comments/1qa8jcr/captio_ai_generate_perfect_instagram_captions/,1768159757.0,2026-01-11,3,0,Shot_Ad_1909,Captio,Captio AI - Generate Perfect Instagram Captions &amp; Hashtags with AI (Free To Use) Hey r/iosapps ! I'd l...,60,+60 captio mention,A,en,neutral,comparison,,,lp_copy
